{"cameraMode":{"drawMode":0,"name":"Shaded","section":"Shading Mode"},"sceneLighting":true,"audioPlay":false,"sceneViewState":{"showFog":true,"showMaterialUpdate":true,"showSkybox":true,"showFlares":true,"showImageEffects":true,"showParticleSystems":true},"in2DMode":false,"pivot":{"x":1.9725910425186158,"y":-1.6449432373046876,"z":-0.8117694854736328},"rotation":{"x":0.6372846961021423,"y":-0.027722613885998727,"z":0.02295639179646969,"w":0.7697975039482117},"size":22.726804733276368,"orthographic":false}