{"cameraMode":{"drawMode":0,"name":"Shaded","section":"Shading Mode"},"sceneLighting":false,"audioPlay":false,"sceneViewState":{"showFog":true,"showMaterialUpdate":true,"showSkybox":false,"showFlares":true,"showImageEffects":true,"showParticleSystems":true},"in2DMode":false,"pivot":{"x":0.2543215751647949,"y":-1.6482367515563965,"z":-0.1450214385986328},"rotation":{"x":-0.28220272064208987,"y":0.46003958582878115,"z":-0.15696361660957337,"w":-0.8271002173423767},"size":13.616307258605957,"orthographic":false}